Plot,AGB_tC_ha,BGB_tC_ha,Saplings_tC_ha,Litter_tC_ha,Standing_Dead_tC_ha,Lying_Dead_tC_ha,Soil_tC_ha
389.3,389.2689838,91.4782112,3.939084842,0,1.160828115,11.68371788,65.6
230.1,230.0912751,54.07144965,5.252113122,0,0,9.478796442,13.1
306,306.0485912,71.92141893,1.750704374,0,7.468889509,6.262643355,36
359.1,359.1081252,84.39040943,7.002817496,0,0,7.223400613,142.7
184.2,184.1692727,43.27977908,7.44049359,0,2.221513605,1.022954271,37.9
232.6,232.5594548,54.65147188,6.565141403,0,5.494299921,4.317924167,35.9
199.2,199.2031054,46.81272977,5.689789216,0,0,13.39028351,117.8
168.2,168.1834964,39.52312166,5.252113122,0,1.325892857,6.273058872,32.3
181.4,181.3983208,42.62860539,3.063732655,0,1.696960927,9.315376766,51.2
279.9,279.8754999,65.77074247,2.626056561,0,0,4.949635599,20.4
235.1,235.1381426,55.25746352,3.501408748,0,2.811959508,2.811959508,46.2
314,314.0343058,73.79806187,3.063732655,0,1.956067569,4.211388573,43.3
363.2,363.2422475,85.36192816,5.252113122,0,6.888453798,24.37384549,53.7
321.1,321.0840312,75.45474734,1.750704374,0,0,11.47526567,90.6
393.5,393.4607045,92.46326556,1.750704374,0,0,2.720407792,38.6
337.2,337.1781759,79.23687134,4.376760935,0,0,6.754263772,31.9
326,325.9640224,76.60154527,3.939084842,0,3.370656821,24.42254212,45.8
295,294.9786827,69.31999044,7.878169683,0,13.84453534,21.84425601,17
346.3,346.2584559,81.37073714,9.191197964,0,7.283720237,4.781558704,20.8
410.6,410.5848376,96.48743683,8.315845777,0,1.700141457,0.331618708,20.1
244.3,244.2974524,57.40990131,4.376760935,0,0,10.8541986,41.6
299.7,299.6799369,70.42478518,3.939084842,0,0,2.738738115,28.6
281.3,281.2839061,66.10171793,4.376760935,0,5.209559675,14.78337694,66.7
524.5,524.5245195,123.2632621,5.252113122,0,0,6.453137824,139
274.1,274.1353835,64.42181513,4.814437029,0,1.324209184,14.93361576,27.3
373.2,373.1589832,87.69236105,2.626056561,0,0,10.44937519,26.7
278.8,278.849794,65.5297016,3.063732655,0,0,22.0768758,38.5
130,129.9942467,30.54864798,3.501408748,0,0,0.419704927,34.7
248.4,248.3929587,58.37234529,5.252113122,0,1.311478875,18.04738589,100.1
278.2,278.1718895,65.37039404,5.689789216,0,5.793261265,2.522510504,25.8
388.3,388.2953287,91.24940223,0.437676094,0,0,0.489162268,33.9
250.2,250.2262694,58.80317331,7.002817496,0,4.119859472,26.35455789,26.8
132.1,132.1220292,31.04867685,8.315845777,0,2.689107143,0.488545418,68.2
152.6,152.5647911,35.85272591,1.750704374,0,0,3.669259839,24.6
212.7,212.7109409,49.98707112,0.875352187,0,0,0,72.7
80.9,80.87005272,19.00446239,0,0,0,1.090871953,35.8
211.7,211.736625,49.75810688,0.437676094,0,0,1.725777436,47.7
276.4,276.4243332,64.95971829,0.875352187,0,0,0.914172108,33.5
88.1,88.12039813,20.70829356,8.75352187,0,5.058503401,6.369518834,28.8
139.4,139.3967083,32.75822644,2.626056561,0,0,11.23678827,39.1
301.7,301.6714265,70.89278522,3.063732655,0,0,4.990491443,65.7
223,222.9998854,52.40497307,4.376760935,0,0,13.40153055,50.8
316.9,316.9119616,74.47431097,4.814437029,0,5.7222,10.94172472,36.4
365.4,365.3876847,85.8661059,6.565141403,0,4.263502604,23.47411632,16.1
130.1,130.0622701,30.56463348,3.063732655,3.002045259,4.056536458,13.64448134,41.2
181.5,181.4670516,42.64475713,2.626056561,0,0,6.018777768,57.9
42.6,42.62554361,8.738236439,2.188380468,0,0,1.642055432,43
143,143.0472569,33.61610536,0,0,0,3.303720535,36.3
305.3,305.3284694,71.75219032,2.188380468,0,2.794814815,0,18.8
221.4,221.4459212,52.03979149,3.939084842,0,2.807291667,9.801501046,34
383,382.9701708,89.99799014,3.063732655,0,3.52,2.053023292,56.7
210.1,210.0735705,49.36728908,7.002817496,0,1.040846354,3.927997687,28.2
226.9,226.9293923,53.32840719,1.750704374,3.56300463,24.56155538,6.167497285,52.9
174,173.9509075,40.87846325,3.063732655,0,3.666666667,3.913816299,152.2
188.5,188.4502075,44.28579876,3.939084842,0,0,3.301006393,151.3
168.7,168.6936901,39.64301717,1.313028281,0,20.2552529,0.957549019,88.2
242,242.0460778,56.88082828,5.252113122,0,0,10.0255972,193.8
192.6,192.6326821,45.2686803,3.501408748,0,0,3.703190305,114.2
126.9,126.8675488,29.81387398,3.063732655,0,2.079346911,2.668390042,46.1
226.6,226.6276318,53.25749346,5.689789216,0,1.593837203,5.554026732,70.4
369.8,369.7980395,86.90253928,7.44049359,0,0,16.54734913,31.2
313.8,313.7507467,73.73142547,4.376760935,0,3.246155651,47.01274283,32
303.8,303.8200259,71.39770608,4.814437029,0,0,14.61795682,24.4
342.9,342.8612199,80.57238666,3.501408748,0,0,0,90.3
197.2,197.1934417,46.34045881,1.750704374,0,2.778221992,6.118846304,29.3
290.5,290.5008516,68.26770012,3.501408748,0,0,15.7960551,100.9
186.6,186.5505514,43.83937959,3.939084842,0,0,11.67966147,44
100.1,100.0737259,23.51732558,2.188380468,0,0.700302934,3.232233756,162.7
167,166.9681866,39.23752384,2.188380468,0,7.510651433,8.553847343,54.7
355.8,355.8005279,83.61312406,2.626056561,0,5.300223095,10.59470635,40
350.9,350.9122651,82.46438231,1.750704374,0,1.979251701,1.979251701,32.2
295.7,295.664558,69.48117112,3.063732655,0,0,5.461401729,14.8
254.5,254.5320666,59.81503566,2.626056561,0,2.329934694,22.06243349,33.6
179.6,179.616469,42.20987022,4.814437029,0,0,2.906672518,30.5
151.9,151.8752107,35.69067452,3.063732655,0,14.57968391,0.962286429,42.5
268,267.9987236,62.97970005,3.063732655,0,11.03322917,65.43114319,11.4
296.4,296.412145,69.65685408,3.939084842,0,2.90935975,31.61720059,35.3
189.3,189.304554,44.48657018,4.376760935,0,0,5.221329153,36.9
290.8,290.8318125,68.34547594,0,0,2.980877778,18.22091204,25.9
197.3,197.2651004,46.35729859,4.376760935,0,0,0,41.8
208,208.0148274,48.88348445,7.878169683,0,0,14.30130352,10.1
110.7,110.7071969,26.01619127,3.501408748,0,0,10.64837787,502.4
154.7,154.7085969,36.35652027,1.313028281,0,1.646258503,17.68787321,47.5
161.2,161.1694035,37.87480982,0,0,5.236098062,16.79360008,69.3
254,254.0068714,59.69161478,5.689789216,0,0,1.880159638,52.2
225,225.0246907,52.88080232,4.814437029,0,0,11.720674,116.4
285.8,285.7933113,67.16142816,2.188380468,0,6.979829486,10.34888164,140.4
258.7,258.742338,60.80444943,2.626056561,0,0,4.49529638,
130.5,130.5182343,30.67178507,2.626056561,0,1.494605732,9.144435218,
171.8,171.8257734,40.37905676,7.44049359,0,0,1.457308775,
269.8,269.7664315,63.3951114,0.875352187,0,0.312503173,10.81622283,
192.1,192.054807,45.13287965,6.565141403,0,0,3.342264424,
232.5,232.4680917,54.63000155,3.501408748,0,3.601126169,5.63943027,
124.4,124.3952806,29.23289093,9.191197964,0,0.716145833,19.65215581,
174.2,174.1737925,40.93084123,7.44049359,0,0.184861111,15.0256708,
161,161.0248473,37.84083911,5.689789216,0,0.8421875,29.03560509,
182.1,182.1293551,42.80039846,1.750704374,0,0.200520833,3.188730391,
143.4,143.4168488,33.70295946,4.376760935,0,0.33,5.482318505,
254,253.9529254,59.67893747,4.814437029,0,0,6.071348832,
169.1,169.0533722,39.72754247,5.689789216,0,0,4.144910002,
175.8,175.8382234,41.32198251,2.188380468,0,0.677824074,1.455951704,
162.4,162.3547073,38.15335621,3.939084842,0,0,0.663953579,
105.9,105.8760026,24.88086062,4.814437029,0,1.967592907,1.939962656,
188.3,188.3254299,44.25647602,3.939084842,0,0,33.85187642,
266.5,266.5293659,62.63440098,2.626056561,0,1.1,4.262435401,
234,233.9605606,54.98073175,3.939084842,0,0.103578241,11.70502019,
278.5,278.5093283,65.44969215,1.750704374,0,0,6.749128493,
218,217.9544872,51.21930448,4.814437029,0,0.322743056,8.94131074,
130,129.9669848,30.54224143,4.376760935,0,0.868934311,8.824397874,
249,249.0399371,58.52438521,8.75352187,0,0,9.581581586,
251.1,251.0529956,58.99745396,3.501408748,0,0,11.34800946,
187.2,187.1858609,43.98867731,3.063732655,0,0.336818981,9.78972229,
213.7,213.7489943,50.23101365,6.127465309,0,0,7.035671484,
95.8,95.7685245,22.50560326,3.501408748,0,0.590922619,11.0425452,
143,142.9896142,33.60255933,5.252113122,0,0,3.263754805,
141.7,141.6724713,33.29303075,4.376760935,0,0,24.07036688,
111.7,111.6757068,26.2437911,4.376760935,0,1.87,8.353321656,
141.4,141.4041936,33.22998548,3.939084842,0,3.29349915,7.041777685,
108.1,108.1185234,25.407853,4.814437029,0,7.467559524,4.255033197,
141.9,141.9404667,33.35600968,3.939084842,0,0.05302662,2.910823921,
285.3,285.2736056,67.03929732,4.376760935,0,0.718962259,15.50871699,
224.9,224.9492544,52.86307479,5.689789216,0,2.732273724,1.113646065,
332.9,332.8748243,78.2255837,3.939084842,0,2.433907681,12.47347931,
292.3,292.2603272,68.68117688,2.626056561,0,1.292595211,17.63243133,
229.7,229.6516357,53.96813439,8.315845777,0,0,17.76131541,
230.6,230.6097515,54.19329161,0.875352187,0,0,14.5846321,
264.2,264.1535563,62.07608572,3.501408748,0,0,10.66262711,
205.8,205.7544037,48.35228486,3.939084842,0,18.99177574,20.4055644,
177.1,177.0859808,41.61520549,7.002817496,0,0,7.34391095,
261,261.0253792,61.34096411,6.127465309,0,6.437127976,26.6506892,
289.4,289.3734858,68.00276916,6.127465309,0,9.789824617,15.35617917,
229.1,229.1311746,53.84582602,4.814437029,0,1.564658333,24.94083884,
283.7,283.6918814,66.66759212,1.750704374,0,0,5.275705122,
148.8,148.8362033,34.97650776,5.689789216,0,1.212813578,2.628121439,
223.9,223.9301628,52.62358826,3.501408748,0,3.614281987,6.06453202,
238.3,238.256385,55.99025047,5.252113122,0,1.818995854,9.731839528,
166.4,166.4015608,39.10436679,6.127465309,0,0,23.30372993,
180.8,180.7504078,42.47634584,5.689789216,0,0,7.797474789,
234.1,234.0681232,55.00600896,7.44049359,0,0,5.680297217,
186.2,186.202626,43.75761712,4.376760935,0,0,11.62123218,
283.8,283.7816447,66.6886865,6.565141403,0,0,8.117172865,
92.7,92.68452549,21.78086349,7.878169683,0,0,1.277035516,
112.7,112.70362,26.4853507,7.44049359,0,2.0625,1.593337214,
123.9,123.8606895,29.10726204,5.689789216,0,0,9.66655703,
224.9,224.8562967,52.84122973,2.188380468,0,0.710299745,6.454544859,
173.2,173.242552,40.71199971,1.750704374,0,1.135965136,3.618141457,
129.1,129.1371307,30.34722572,3.501408748,0,9.072771585,18.57512968,
98.8,98.80844571,23.21998474,9.191197964,0,0,0.137427456,
229.2,229.1614874,53.85294954,1.313028281,0,3.564720706,3.305268829,
128.4,128.3529136,30.16293469,12.25493062,0,5.471237245,16.89460808,
147.8,147.8096536,34.73526859,5.252113122,0,10.69424957,15.50425717,
255.1,255.1411721,59.95817544,4.376760935,0,0,8.766690297,
206.3,206.2549387,48.46991059,0.875352187,0,0,24.77509734,
53.4,53.36117206,10.93904027,1.313028281,0,0,2.40523493,
171.4,171.3519707,40.26771311,8.315845777,0,4.101713419,5.829111729,
194.3,194.3422402,45.67042644,1.313028281,0,7.811467602,4.262928881,
336.7,336.7303744,79.13163798,2.626056561,0,0,19.29902445,
375.8,375.7655658,88.30490796,3.939084842,0,0,44.01762139,
235.5,235.4670621,55.3347596,7.002817496,0,1.307927691,48.51049046,
319.9,319.9201067,75.18122508,0.437676094,0,0,2.833733057,
227.5,227.5381271,53.47145986,0,0,0,6.921195793,
217.5,217.539245,51.12172257,2.626056561,0,4.217621015,8.882027111,
150.1,150.113482,35.27666827,3.501408748,0,6.068941362,20.05240219,
107.7,107.6741781,25.30343184,4.814437029,0,2.676666667,2.307020029,
159.1,159.0755895,37.38276352,7.002817496,0,3.553563368,10.25472315,
198.7,198.6833409,46.69058511,4.376760935,0,0.81449263,0.453061106,
86.4,86.39677189,20.30324139,7.002817496,0,0,0,
94.8,94.81771207,22.28216234,6.565141403,0,0.789084491,0.793081931,
74.5,74.46509739,17.49929789,3.063732655,0,2.813757688,12.10079811,
202.6,202.6054426,47.61227902,1.750704374,0,1.752072704,28.66836327,
95.8,95.84356864,22.52323863,3.939084842,0,0,5.438445029,
134.1,134.1125991,31.51646078,4.814437029,0,1.579648343,8.43110956,
209.1,209.0542776,49.12775523,2.188380468,0,4.841145833,11.33325131,
175.1,175.0602551,41.13915996,0,0,0.155960648,4.086509702,
105.2,105.2451918,24.73262008,0.437676094,0,0.229166667,4.788886268,
88.4,88.38898893,20.7714124,0.875352187,0,0,6.535590349,
202.5,202.4504725,47.57586103,4.376760935,2.302369505,0,8.493272029,
210.7,210.6971777,49.51383676,2.626056561,0,4.500757334,12.47521081,
163.2,163.2207235,38.35687003,0,0,6.681234921,18.6486607,
204.5,204.5141234,48.06081901,6.127465309,0,2.84119898,4.44589901,
145.8,145.7633918,34.25439707,1.313028281,4.690186709,1.683738426,21.93268273,
217.1,217.106347,51.01999154,3.939084842,0,6.754050926,5.075806154,
192.1,192.1490124,45.15501792,3.063732655,0,0,2.328868865,
230.7,230.6987795,54.21421319,5.252113122,0,1.870748299,5.669433867,
162.6,162.5634896,38.20242007,5.252113122,4.230479885,0,12.22277655,
143.4,143.3749272,33.69310789,3.063732655,0,0.170958333,6.958583088,
161.9,161.9406136,38.05604419,3.939084842,0,0.073409722,18.4136833,
161.1,161.1230671,37.86392076,3.063732655,0,0.2541093,8.665540422,
244.4,244.433549,57.44188401,2.188380468,2.745663393,1.68835034,6.627956893,
254.1,254.118027,59.71773635,5.689789216,0,0,7.411254962,
197,197.0314231,46.30238443,4.814437029,0,0,23.05529595,
223.6,223.5809033,52.54151226,3.939084842,0,5.66629887,1.521843651,
113,113.0002307,26.55505421,1.750704374,2.252546218,2.764717593,0.007461421,
334.7,334.679049,78.64957652,2.626056561,0,0.977777778,3.053408862,
102.4,102.4385774,24.07306568,5.689789216,0,13.12902849,0.944336086,
170.6,170.6025292,40.09159436,1.750704374,0,0,1.09922719,
201.1,201.1420569,47.26838337,5.252113122,2.902493182,0,0.943136929,
195.4,195.4324657,45.92662943,3.501408748,0,0,8.485014255,
223.3,223.2821471,52.47130456,4.376760935,0,0,13.48766258,
135,134.9668796,31.71721672,2.626056561,0,0.25462963,0.205655414,
168.9,168.8765685,39.6859936,1.313028281,1.635372934,0,0,
263.4,263.4134814,61.90216813,2.626056561,0,0,1.546899492,
192.4,192.4488127,45.22547098,1.313028281,0,3.22265625,0.823356326,
283.2,283.202298,66.55254004,0.437676094,0,0,3.148681387,
326.9,326.9412962,76.83120461,3.063732655,3.882806452,0,7.156067087,
262.4,262.3818665,61.65973863,1.750704374,0,10.29372615,2.896698666,
234.2,234.2378353,55.04589129,1.750704374,0,13.68393723,0,
124.8,124.8301871,29.33509397,2.626056561,0,0,11.3343894,
148.8,148.7988266,34.96772426,5.252113122,2.769215074,0,33.72624993,
269.6,269.6486708,63.36743765,0.437676094,0,3.551498724,4.652750497,
171.8,171.7504265,40.36135023,3.063732655,0,34.40750644,2.311893146,
254.5,254.4581354,59.79766183,2.626056561,0,11.45833333,36.78685311,
117,117.0230973,27.50042786,1.313028281,1.937451923,0,11.75526696,
149.4,149.4269522,35.11533376,2.188380468,0,0,25.14868963,
175.3,175.3140217,41.19879509,2.188380468,0,2.104591837,1.503572545,
122.2,122.2178001,28.72118303,2.188380468,0,13.15369898,6.52528895,
198.3,198.2771798,46.59513726,3.939084842,1.700827344,1.312154549,20.25477226,
69,69.02906064,16.22182925,4.814437029,0,1.303703704,0,
120.4,120.4277641,28.30052456,3.063732655,0,0.792,18.20252373,
94.9,94.91307506,22.30457264,3.939084842,0,0,7.860618667,
187.4,187.3792378,44.03412089,28.88662217,1.943740672,1.181845238,12.10846247,
214.7,214.6561762,50.4442014,13.5679589,0,0.246481481,5.281345601,
210.1,210.1396415,49.38281575,12.69260671,0,1.924719388,0,
210.6,210.5815143,49.48665586,20.1331003,0,0,10.00500304,
166.9,166.8522235,39.21027252,1.750704374,3.07625,0,7.409605504,
225.5,225.4751254,52.98665447,4.814437029,0,1.741549745,10.29965391,
234.8,234.7834646,55.17411419,3.939084842,0,0,6.868846795,
143.1,143.092866,33.62682351,8.75352187,0,0,22.20252019,
256.9,256.9110414,60.37409472,0.875352187,2.252013636,12.54819443,6.568221729,
130.4,130.3973081,30.64336741,3.063732655,0,7.049425064,21.4026381,
252.2,252.1856299,59.26362303,3.939084842,0,0,9.680798869,
177.9,177.8844019,41.80283444,0,0,3.00466375,15.6877362,
213.8,213.805007,50.24417665,4.376760935,4.309625517,0.947066327,2.89412455,
78.7,78.67686937,18.4890643,9.191197964,0,0,37.02941036,
126.3,126.2943937,29.67918251,4.814437029,0,0,25.98813958,
201.5,201.5459616,47.36330098,4.376760935,0,0.359183673,5.252755207,
114.6,114.5625258,26.92219356,2.626056561,3.161071008,2.046130952,2.730854769,
127,126.9565777,29.83479577,2.626056561,0,0.275,16.14134445,
68.5,68.45191401,16.08619979,2.626056561,0,0.92562963,0.443345714,
97.9,97.87444011,23.00049343,8.75352187,0,0.675340136,5.428282421,
300.4,300.4337918,70.60194108,0.875352187,3.455161111,0,0,
188.5,188.4562074,44.28720873,1.313028281,0,0.346614583,4.354074061,
241.8,241.8005506,56.82312939,2.188380468,0,0,6.051771238,
195.6,195.5700532,45.95896249,0.875352187,0,6.200231481,11.25662926,
168,167.9929006,39.47833165,3.063732655,3.339246193,0.842626968,3.651806678,
132.3,132.3398691,31.09986923,2.626056561,0,0,7.335490944,
319.9,319.8884069,75.17377562,0.875352187,0,0,8.550805038,
153.6,153.5729239,36.08963711,5.252113122,0,0.512210884,10.3958733,
134.9,134.8854946,31.69809123,0,6.272978229,0.991245108,42.56112685,
196.2,196.16576,46.09895361,0,0,9.136352218,52.66303707,
134.3,134.2941845,31.55913337,0.437676094,0,8.994949243,25.31275946,
179.6,179.581889,42.20174391,3.939084842,0,6.951360791,48.69173958,
310.7,310.671627,73.00783234,4.376760935,3.820519231,1.22122449,12.99055837,
249.4,249.3925125,58.60724044,1.313028281,0,0,8.660577862,
198.5,198.4970938,46.64681705,3.063732655,0,0,4.231180214,
214.4,214.3948808,50.38279699,1.313028281,0,9.5596875,2.937363904,
268.3,268.3097693,63.05279578,3.939084842,2.69371875,4.2109375,0.44091224,
224.6,224.6460304,52.79181714,3.063732655,0,0.07816684,1.17946399,
247.1,247.120417,58.073298,0.875352187,0,1.283666592,2.880027054,
198.5,198.5388376,46.65662683,5.252113122,0,0.509259259,0.587703483,
122.1,122.1128283,28.69651465,1.750704374,2.474527926,0,0,
93.4,93.35226367,21.93778196,2.626056561,0,0,0,
176.3,176.3149081,41.43400341,3.939084842,0,0,1.988108437,
193.2,193.21111,45.40461086,2.626056561,0,0,0,
211.1,211.1385295,49.61755443,2.626056561,2.193523404,1.344553571,1.224756221,
219.1,219.1434745,51.4987165,2.626056561,0,0,4.161888806,
371.7,371.6525515,87.3383496,1.750704374,0,6.416116667,22.06296706,
195.7,195.6680553,45.98199299,6.127465309,0,7.722773438,18.60289349,
121.3,121.3203774,28.51028869,2.626056561,2.675532452,0,4.27555889,
189.1,189.1088555,44.44058105,3.501408748,0,6.075125189,0,
194.6,194.5706653,45.72410635,3.063732655,0,2.619047619,0,
210.3,210.3496284,49.43216267,4.814437029,0,0,4.106372281,
56,56.03995193,11.48819015,0,1.893441176,0,5.570143179,
177,177.0095249,41.59723835,6.127465309,0,0,15.04511392,
262.7,262.6989689,61.7342577,7.44049359,0,2.167659439,1.949241318,
271.1,271.1337567,63.71643284,3.063732655,0,5.50327381,0,
161.7,161.6755302,37.9937496,1.750704374,4.242078125,2.571822917,6.285476068,
298.3,298.348246,70.1118378,3.501408748,0,10.29372615,2.352596628,
225.7,225.7256906,53.0455373,4.376760935,0,0,3.236613393,
264,263.9513923,62.02857719,5.689789216,0,0,0,
106,106.015027,24.91353134,2.626056561,7.346891447,20.0961357,13.47719155,
138.4,138.4461151,32.53483705,5.689789216,0,0,37.70805731,
154.3,154.2752226,36.25467732,4.814437029,0,10.65441667,21.71312968,
220.8,220.7604654,51.87870936,3.501408748,0,23.94177042,11.96566164,
236.1,236.0781041,55.47835445,1.313028281,2.489855769,0,1.255968845,
176.9,176.9220039,41.57667093,0.875352187,0,0.636639031,0,
156.5,156.4872923,36.77451369,2.188380468,0,0,0,
172.1,172.053983,40.43268602,9.628874057,0,0,0,
206.5,206.544933,48.53805925,5.689789216,1.910328488,0,7.210150052,
33.1,33.14580074,6.794889152,0.437676094,0,0,0,
13.7,13.74864994,2.818473239,1.750704374,0,10.08663898,3.134474708,
112.9,112.8601136,26.5221267,3.501408748,0,8.477989825,13.16297419,
78.1,78.0675855,18.34588259,1.750704374,3.875945249,0,8.491473911,
112.3,112.3202821,26.3952663,3.501408748,0,0,4.204179444,
109.5,109.5142349,25.73584521,1.313028281,0,0.049205406,7.004522396,
178.6,178.6046495,41.97209262,3.939084842,0,0.01347775,22.33347565,
149.6,149.5933959,35.15444804,1.750704374,2.129540625,0,3.151151872,
98.1,98.05369817,23.04261907,2.626056561,0,3.257733009,23.61567482,
172.2,172.1696986,40.45987917,3.501408748,0,4.421484375,29.19788297,
197,197.0462327,46.30586468,2.626056561,0,0,17.4770307,
109.5,109.4777902,25.72728069,0.875352187,1.153924581,1.315369898,0,
50,49.95068255,10.23988992,0,0,0,7.244940407,
207.5,207.5356495,48.77087764,1.313028281,0,0,1.827431277,
73,73.03576383,17.1634045,0,0,0.841836735,3.335219994,
114,114.0436705,26.80026256,2.188380468,6.680712796,3.718776711,11.99274445,
118.3,118.265467,27.79238475,3.063732655,0,2.518630469,15.09667273,
125,125.0401299,29.38443053,2.188380468,0,1.108795817,6.027086741,
124.8,124.8492374,29.33957079,2.188380468,0,10.83504642,1.586847333,
195.2,195.1602861,45.86266723,3.501408748,3.123802326,0,0,
102.4,102.4349014,24.07220183,2.188380468,0,5.025743263,10.31170099,
172.6,172.5616766,40.55199401,1.750704374,0,0,5.766498342,
50.4,50.44613311,10.34145729,6.127465309,0,0,1.372686787,
61.7,61.72751783,12.65414115,7.44049359,1.999665179,0,0.374042586,
137.2,137.1981028,32.24155415,2.188380468,0,2.157354028,0,
167.9,167.8757406,39.45079904,7.44049359,0,0,3.325671152,
74,73.98760969,17.38708828,6.127465309,0,1.19659375,0,
295.2,295.2285081,69.3786994,2.188380468,3.950150109,0,37.38979588,
245.2,245.2254529,57.62798142,2.626056561,0,4.776525926,6.870169939,
243.8,243.8176995,57.29715939,4.814437029,0,0,0,
281.2,281.2094253,66.08421495,3.063732655,0,4.235034375,4.414194756,
286.6,286.5766283,67.34550765,3.501408748,2.39374664,0,3.055224869,
301.2,301.2184043,70.78632501,2.188380468,0,5.813775,2.076318026,
350.1,350.102249,82.2740285,2.626056561,0,0,0,
419.1,419.0979602,98.48802065,0.875352187,0,7.831898148,0,
131.1,131.1261675,30.81464935,3.501408748,3.732917143,0,0,
136.9,136.8971036,32.17081934,2.626056561,0,0,0,
157,157.0097992,36.89730282,2.626056561,0,0,0,
256.8,256.7995016,60.34788288,3.063732655,0,0,0,
207.9,207.927513,48.86296556,4.814437029,2.502763799,2.9803125,0.255222418,
294.8,294.8182829,69.28229647,3.063732655,0,7.84421713,3.448941277,
212.3,212.2781863,49.88537377,2.188380468,0,0,4.227580276,
150.5,150.4753561,35.36170869,2.188380468,0,0,0.930397737,
121.9,121.9056459,28.64782679,4.376760935,5.537701245,3.28453125,0,
169,169.0089875,39.71711207,1.750704374,0,1.111267361,1.027166741,
174.1,174.1187984,40.91791762,2.188380468,0,0,0,
206,205.9759816,48.40435568,3.063732655,0,6.581168866,0,
250.4,250.4371365,58.85272707,0.875352187,2.568463365,0,5.238385063,
230.3,230.2918677,54.11858892,1.750704374,0,0,5.238385063,
186.4,186.3633327,43.79538317,2.188380468,0,4.758518519,13.24608551,
316.2,316.1918239,74.30507861,4.376760935,0,0,6.612264839,
186.3,186.3213474,43.78551664,1.750704374,2.432799952,0,0.838593761,
170,169.9532375,39.93901081,0.875352187,0,1.544367496,5.275917318,
113.3,113.3034853,26.62631905,0.437676094,0,0,0,
240.9,240.9014569,56.61184236,2.626056561,0,4.597948554,0.291461755,
240.9,240.9246838,56.6173007,2.626056561,2.525078271,0,4.38401659,
308,308.0145619,72.38342205,4.376760935,0,0.093576389,11.2460441,
291.5,291.4823058,68.49834187,2.188380468,0,0,12.40362533,
308,308.0098725,72.38232004,2.188380468,0,1.540509259,0.980483512,
262.1,262.1310508,61.60079694,4.814437029,3.452592892,0.3773,3.145701383,
343.7,343.6849495,80.76596314,3.063732655,0,10.30070237,8.164029429,
194.9,194.9147941,45.80497662,3.501408748,0,6.818035247,11.18670373,
337.7,337.7098163,79.36180684,3.063732655,0,0,1.567599137,
342.9,342.8716045,80.57482706,4.376760935,2.579446622,0,0,
313.8,313.7580007,73.73313017,2.626056561,0,0,1.398630892,
321.9,321.9412738,75.65619934,4.376760935,0,0,0,
367.5,367.5216046,86.36757708,4.814437029,0,3.192311719,0,
358,358.0249698,84.13586791,1.313028281,3.289474138,0,9.173797291,
159.8,159.76604,37.54501939,1.750704374,0,0,14.25238729,
220.9,220.918211,51.91577959,0.875352187,0,2.587928241,0,
175.2,175.2142016,41.17533738,1.750704374,0,0,1.029831534,
222,222.0184451,52.17433461,9.628874057,3.422310411,1.861979167,5.520017309,
133,132.9867583,31.25188819,2.188380468,0,15.51667157,28.63368457,
165.4,165.4097552,38.87129248,2.626056561,0,0,0,
217.5,217.4848518,51.10894018,4.814437029,0,0.916666667,11.2296365,
223.6,223.5933989,52.54444874,14.00563499,2.792666667,0,4.227580276,
224.7,224.6621756,52.79561127,5.689789216,0,0,3.583514567,
119.1,119.0889515,27.98590361,2.188380468,0,0,6.209174774,
256.8,256.8227273,60.35334092,4.376760935,0,0,4.642029639,
260.5,260.4930355,61.21586334,3.501408748,3.206341357,2.466394558,3.953859135,
217.5,217.5182086,51.11677903,2.188380468,0,7.930305952,15.3516774,
261.4,261.4152321,61.43257954,7.002817496,0,2.5315125,0.60818908,
297.8,297.8299494,69.99003812,7.878169683,0,2.572050096,12.98608559,
183,183.0424095,43.01496624,2.626056561,3.513623188,0,0.947235282,
115.9,115.896624,27.23570664,3.063732655,0,0,0.991371536,
149.2,149.2410328,35.07164272,3.939084842,0,0,0,
191,191.0340858,44.89301016,3.501408748,0,10.70095013,1.373522002,
311.6,311.6235032,73.23152326,4.376760935,3.14868267,9.144534974,18.02281736,
216.5,216.5254953,50.88349139,5.252113122,0,2.796345685,7.350946127,
273.7,273.6710243,64.31269071,1.313028281,0,15.31701735,6.726276658,
224.1,224.0995369,52.66339118,3.063732655,0,0,3.288114223,
70.6,70.56715746,16.583282,2.626056561,8.654079755,1.24609375,0,
297.7,297.6733951,69.95324785,3.501408748,0,0,0,
191,191.0301112,44.89207613,3.939084842,0,0,0,
221.7,221.7148292,52.10298486,1.313028281,0,0,0,
171.3,171.3040785,40.25645844,8.75352187,4.996533813,5.496620961,13.5113447,
219.3,219.3020051,51.53597121,1.750704374,0,0,12.89351857,
216.5,216.4877221,50.87461469,3.501408748,0,0,8.902256099,
103,102.9827168,24.20093846,3.939084842,0,3.425275563,41.63559668,
229.7,229.679304,53.97463643,1.750704374,3.075007259,5.54238496,29.13183003,
294.1,294.093393,69.11194736,0.875352187,0,0,25.106824,
187.5,187.4998337,44.06246091,3.939084842,0,0,0,
269.9,269.9294574,63.4334225,0.437676094,0,0,32.66255208,
205.4,205.3512607,48.25754628,2.626056561,4.37255,4.485990115,1.576610085,
186.2,186.1717307,43.75035673,3.063732655,0,0,6.276859287,
251.8,251.7705111,59.16607011,2.188380468,0,0.162199074,0,
262.4,262.3999102,61.66397891,3.939084842,0,5.942268282,3.716227436,
164.5,164.5263096,38.66368276,0.437676094,4.169168269,33.46732634,35.46475484,
265.7,265.6505492,62.42787907,2.188380468,0,0,17.95449132,
183.8,183.810039,43.19535915,3.501408748,0,1.946326531,21.64054429,
268.7,268.7341527,63.15252588,4.376760935,0,0,5.829925972,
306.6,306.5583973,72.04122337,7.878169683,3.819770729,2.118248299,7.65852618,
271.4,271.4436795,63.78926469,2.626056561,0,0,20.62821959,
266.8,266.8155176,62.70164665,2.188380468,0,0,2.052246678,
234.3,234.3212705,55.06549856,2.626056561,0,0,0.448681469,
270.3,270.3217203,63.52560427,3.501408748,3.518944159,0.668148148,22.66094172,
309.8,309.8134511,72.80616102,4.814437029,0,5.994140625,13.81154537,
190.3,190.3255915,44.72651399,5.689789216,0,5.074372959,10.66097457,
287.2,287.1692674,67.48477785,6.565141403,0,0,2.755701498,
158.7,158.6925814,37.29275662,4.814437029,4.096570513,0,3.310080261,
276.4,276.4301898,64.96109461,3.063732655,0,0,15.47806632,
124.3,124.3201275,29.21522997,0.437676094,0,8.114982639,18.6810916,
343.6,343.6053495,80.74725714,4.814437029,0,0.596067593,15.77567437,
246.2,246.1604831,57.84771353,4.376760935,3.915406,24.09627955,3.599254118,
252.9,252.9258578,59.43757659,6.127465309,0,0,0,
121.1,121.0752076,28.45267379,2.188380468,0,0,33.98136501,
449.5,449.4678506,105.6249449,1.750704374,0,14.1815389,7.624192294,
232.1,232.1120353,54.54632829,3.939084842,3.020579262,1.62962963,1.878214709,
131.8,131.7786135,30.96797417,0.437676094,0,3.64835625,1.792956132,
59.7,59.74543692,12.24781457,0.875352187,0,0,2.823860369,
128.1,128.0619587,30.09456029,0.875352187,0,0,6.570596602,
127.7,127.6949938,30.00832353,3.939084842,1.712481399,0.730761054,58.22469486,
338.3,338.3147269,79.50396082,1.750704374,0,2.564947917,0.711721847,
134.2,134.1871186,31.53397288,2.626056561,0,3.394993091,11.85860727,
192.8,192.8071409,45.30967811,3.939084842,0,4.021096535,4.41561783,
279.5,279.468799,65.67516777,5.252113122,3.551895455,0,3.373800894,
353.9,353.9120849,83.16933996,9.628874057,0,3.439367207,0,
229.7,229.6610424,53.97034495,6.565141403,0,0,4.965096334,
206.5,206.5354974,48.53584188,4.376760935,0,0,2.325399083,
268.7,268.653141,63.13348813,4.814437029,3.486964478,0,2.143082199,
114.7,114.6938546,26.95305582,4.814437029,0,1.565096296,17.16375095,
293.5,293.5476657,68.98370144,2.626056561,0,3.017106481,9.104680451,
211.8,211.8091755,49.77515623,4.376760935,0,2.695,7.58313844,
235,234.9810714,55.22055177,3.501408748,4.463064516,19.06365721,14.27454764,
61.5,61.45899066,12.59909308,0.437676094,0,1.4210625,12.25692291,
183.4,183.3666926,43.09117275,3.939084842,0,0.608227041,30.47265033,
95.8,95.83332454,22.52083127,0.437676094,0,0,7.792947724,
210.4,210.4075414,49.44577222,3.501408748,2.568172414,0,3.849145716,
172.3,172.2803598,40.48588456,0.875352187,0,0,2.524688602,
98.1,98.1437717,23.06378635,3.939084842,0,0.385127315,0,
170,169.977987,39.94482696,1.313028281,0,2.496279762,13.64184123,
424.8,424.8071053,99.82966974,3.501408748,3.240134409,0,2.593930046,
231.4,231.3692877,54.3717826,3.939084842,0,3.196573693,9.559772845,
186.6,186.5603005,43.84167062,3.939084842,0,2.152447917,0,
234.1,234.1111766,55.01612651,2.188380468,0,1.301660479,7.004314517,
209.5,209.4610786,49.22335346,4.376760935,3.566600543,3.234,3.478630281,
94.2,94.15160218,22.12562651,0,0,0,3.114341332,
139.2,139.1956002,32.71096605,3.939084842,0,0,2.215282056,
193.2,193.2197571,45.40664293,3.063732655,0,4.2060425,2.215282056,
81,80.97998699,19.03029694,0.875352187,3.484944853,2.244897959,2.653242667,
204.5,204.5449927,48.06807329,1.750704374,0,1.7345625,0,
156.3,156.2508999,36.71896147,1.750704374,0,14.61428605,1.366434392,
46.6,46.62562422,9.558252966,2.188380468,0,10.27932304,0,
250.4,250.3550424,58.83343497,10.06655015,2.566430357,10.44057929,1.639745945,
152.7,152.7306133,35.89169414,3.501408748,0,0.091984954,1.303330609,
182.2,182.182554,42.81290019,3.063732655,0,0,1.826074206,
180.4,180.3648869,42.38574842,6.127465309,0,1.879453125,8.344833796,
58.4,58.39003618,11.96995742,1.313028281,1.775454545,19.50347762,0,
108.9,108.9307559,25.59872765,2.188380468,0,2.028645397,0,
169,168.9849151,39.71145504,0.437676094,0,0,1.111116979,
40.2,40.22180057,8.245469117,0,0,1.70362924,2.152175188,
416.9,416.8665517,97.96363966,2.188380468,3.741431386,0,9.5656687,
281.2,281.1685455,66.0746082,3.939084842,0,0,11.78734873,
157.3,157.3429692,36.97559776,3.501408748,0,2.35271542,0,
290.9,290.8704,68.35454401,4.814437029,0,0,0,
121.2,121.1729938,28.47565354,1.750704374,1.970682143,6.678725116,1.199558504,
129.7,129.6734608,30.47326328,0.437676094,0,0,4.26058485,
58.9,58.86930503,12.06820753,0.437676094,0,0,3.245564508,
141.7,141.6617072,33.29050119,1.750704374,0,13.62657486,1.342606083,
258.8,258.8070697,60.81966137,0.875352187,3.702339623,3.63,3.594704231,
201.2,201.2167457,47.28593524,2.626056561,0,10.21747183,0,
195.7,195.6951179,45.98835271,4.376760935,0,0.864753401,0,
239.9,239.9329161,56.38423529,3.063732655,0,0.605076389,1.272623802,